id,x0,y0,x1,y1,f0,f1,f2,f3,f4,f5,f6,f7,f8,f9,f10,f11,f12,f13,f14,f15,f16,f17,f18,f19,f20,f21,f22,f23,f24,f25,f26,f27,f28,f29,f30,f31,f32,f33,f34,f35,f36,f37,f38,f39,f40,f41,f42,f43,f44,f45,f46,f47,f48,f49,f50,f51,f52,f53,f54,f55,f56,f57,f58,f59,f60,f61,f62,f63,f64,f65,f66,f67,f68,f69,f70,f71,f72,f73,f74,f75,f76,f77,f78,f79,f80,f81,f82,f83,f84,f85,f86,f87,f88,f89,f90,f91,f92,f93,f94,f95,f96,f97,f98,f99,f100,f101,f102,f103,f104,f105,f106,f107,f108,f109,f110,f111,f112,f113,f114,f115,f116,f117,f118,f119,f120,f121,f122,f123,f124,f125,f126,f127
0,694,372,718,392,-0.2719881236553192,-0.26005059480667114,-0.20562680065631866,1.218554139137268,-0.050435349345207214,-0.20699119567871094,-0.27841806411743164,-0.2644849419593811,-0.2623004615306854,-0.13757753372192383,1.9398880004882812,-0.27408531308174133,-0.23715844750404358,2.5772581100463867,-0.22614187002182007,-0.2743797302246094,-0.12828664481639862,-0.018675662577152252,0.09368932247161865,-0.22410911321640015,-0.039375241845846176,-0.052308276295661926,-0.22390598058700562,-0.27116718888282776,0.09095996618270874,-0.18997320532798767,-0.11927510797977448,-0.27225667238235474,0.18452775478363037,-0.27305543422698975,-0.10196787863969803,-0.14866697788238525,-0.25941234827041626,1.0775290727615356,-0.1540905237197876,-0.2783246636390686,0.03371846675872803,-0.05032048746943474,-0.1726236790418625,-0.16445080935955048,-0.26174396276474,0.37940463423728943,0.35808709263801575,0.17299360036849976,-0.24774836003780365,-0.2743905484676361,-0.25188231468200684,0.8383305072784424,4.171851634979248,0.7866595387458801,0.0493897870182991,-0.27819475531578064,-0.2256825715303421,-0.25386857986450195,-0.27369582653045654,-0.2593460977077484,-0.2582171857357025,1.3657392263412476,1.6285111904144287,-0.21441078186035156,0.00483085447922349,0.4880444407463074,0.11600085347890854,2.265686273574829,0.08387243747711182,-0.2718387246131897,-0.24063067138195038,0.5051172971725464,-0.2697485685348511,1.0955406427383423,0.09527036547660828,-0.15556374192237854,-0.25763243436813354,0.5885893702507019,-0.005352018866688013,-0.1751866191625595,-0.2770068347454071,-0.2747586965560913,-0.005970460828393698,-0.08295347541570663,-0.27845993638038635,-0.1986280381679535,-0.0243361908942461,-0.039869826287031174,-0.14998599886894226,-0.06486940383911133,-0.26010268926620483,-0.21366451680660248,-0.24068370461463928,-0.2752039432525635,-0.2690659165382385,0.04546630010008812,-0.19497838616371155,-0.18674509227275848,-0.2497294843196869,0.72813880443573,-0.2742503881454468,-0.2331516593694687,0.33341363072395325,-0.27551397681236267,-0.2570511996746063,-0.12202244251966476,-0.19358205795288086,-0.19177043437957764,-0.08279405534267426,0.8568922877311707,-0.2650007903575897,-0.27240070700645447,0.18241354823112488,0.8889145851135254,-0.19847331941127777,-0.14450012147426605,-0.2543005645275116,-0.2784029543399811,-0.27779287099838257,-0.0020635284017771482,1.850351095199585,0.3080722391605377,0.052342433482408524,0.381335586309433,-0.20290999114513397,-0.03550868108868599,-0.25264349579811096,0.49550947546958923,-0.15261316299438477,-0.2781360447406769,-0.22146840393543243,-0.2456980049610138
1,566,531,589,552,-0.2543182671070099,-0.2507355511188507,-0.23497231304645538,1.2328625917434692,-0.07060590386390686,-0.16177135705947876,-0.24107345938682556,-0.2753600478172302,-0.26635050773620605,-0.18402090668678284,1.3087573051452637,-0.26606205105781555,-0.2222907841205597,2.7016730308532715,-0.21395204961299896,-0.27130669355392456,-0.08748086541891098,-0.061250507831573486,-0.08516504615545273,-0.24445311725139618,-0.16869238018989563,0.16932877898216248,-0.276406466960907,-0.2634119391441345,0.444721519947052,-0.21057753264904022,-0.21785350143909454,-0.2387910783290863,0.0550178624689579,-0.27354633808135986,-0.11842311173677444,-0.13632333278656006,-0.2162913680076599,0.755843997001648,-0.17566165328025818,-0.2733066976070404,0.05653984472155571,-0.0669582337141037,-0.19445523619651794,-0.15015383064746857,-0.2758910059928894,0.3346255123615265,0.42573481798171997,0.004114521201699972,-0.24072566628456116,-0.2783729135990143,-0.25296881794929504,1.0018389225006104,4.16510009765625,0.7948378324508667,0.1655527502298355,-0.2692641019821167,-0.26365843415260315,-0.2653714716434479,-0.2759445011615753,-0.27799004316329956,-0.20455816388130188,0.8876272439956665,2.017040252685547,-0.22854837775230408,-0.243183434009552,-0.12420440465211868,0.040199559181928635,0.3440774083137512,-0.09103825688362122,-0.2766510844230652,-0.272817462682724,-0.1559925675392151,-0.2657167613506317,0.5356839895248413,-0.08004122227430344,-0.024559611454606056,-0.2760225832462311,0.26670944690704346,0.11469238996505737,-0.08590863645076752,-0.27453020215034485,-0.26637357473373413,0.1814340204000473,-0.09879368543624878,-0.1429702490568161,-0.19345808029174805,-0.2255662977695465,0.2953834533691406,0.003779852529987693,-0.07272316515445709,-0.2772725224494934,-0.17292603850364685,-0.25307774543762207,-0.262480229139328,-0.27139952778816223,0.13669317960739136,-0.25755271315574646,-0.16932524740695953,-0.21285316348075867,0.47389960289001465,-0.27702486515045166,-0.1445019245147705,0.2580222487449646,-0.2449420690536499,-0.23700447380542755,-0.09956101328134537,-0.2167854756116867,-0.19001200795173645,-0.15704675018787384,0.47883376479148865,-0.2225084900856018,-0.10600180923938751,-0.030616095289587975,0.12737402319908142,-0.20588724315166473,-0.1214657574892044,-0.2261083722114563,-0.2755410075187683,-0.2784574031829834,-0.16766959428787231,0.8429785966873169,0.15803813934326172,-0.09952600300312042,0.4106665551662445,-0.136970654129982,0.022807778790593147,-0.25872567296028137,0.4187290370464325,-0.2327568531036377,-0.2714790403842926,-0.27330100536346436,-0.23369115591049194
2,565,428,588,447,0.7985753417015076,-0.2190835326910019,0.04999725520610809,1.0053496360778809,-0.216655433177948,-0.2782284915447235,0.7085150480270386,-0.09381918609142303,-0.2553909122943878,-0.27840423583984375,0.670794665813446,-0.2680392265319824,0.06789349764585495,0.33074843883514404,0.19229891896247864,-0.2149202972650528,-0.27168235182762146,-0.2426091581583023,-0.2769496738910675,0.10230348259210587,0.43703874945640564,0.07409758865833282,0.8616158366203308,-0.16316786408424377,-0.0523204579949379,-0.13014937937259674,-0.14915332198143005,-0.1084376871585846,1.3156321048736572,0.5474832057952881,-0.2579193711280823,-0.27501437067985535,-0.20114876329898834,0.2481372058391571,-0.12886644899845123,-0.2050786316394806,-0.2525763213634491,0.31174975633621216,-0.26134538650512695,-0.2333407700061798,-0.2176717221736908,-0.14769868552684784,-0.1906425952911377,0.1366575062274933,0.19036638736724854,-0.24042236804962158,-0.22910869121551514,0.3357413113117218,0.2671830952167511,0.5716807246208191,0.15969997644424438,-0.09204132854938507,0.48293977975845337,-0.24378763139247894,-0.2771836817264557,-0.24580451846122742,-0.2778868079185486,0.20342254638671875,0.6563590168952942,-0.039471741765737534,0.11575578898191452,0.6783395409584045,0.07353722304105759,-0.06751327216625214,0.283102422952652,-0.18156802654266357,-0.27710649371147156,0.4180690348148346,0.09837961196899414,0.9483857750892639,0.8024881482124329,0.02018529176712036,-0.009112797677516937,0.17417925596237183,0.12554679811000824,-0.13321161270141602,0.2324448972940445,-0.1710987389087677,-0.09932493418455124,-0.18881036341190338,-0.15018229186534882,-0.20414893329143524,-0.2772732377052307,0.011315383017063141,0.03649166598916054,-0.2033047378063202,0.1178017109632492,-0.21833880245685577,0.05005630478262901,-0.27497977018356323,-0.25296130776405334,0.12520189583301544,0.4966477155685425,-0.2500566840171814,-0.2774067223072052,-0.21133817732334137,-0.24361556768417358,-0.11713378131389618,-0.2647751271724701,0.15313726663589478,-0.08312197029590607,-0.028851015493273735,0.04391244798898697,0.09511002898216248,-0.26269352436065674,0.38344770669937134,-0.10610198974609375,-0.27233126759529114,-0.19266143441200256,0.05021572485566139,-0.1461154967546463,-0.20429018139839172,-0.2562209963798523,-0.17215871810913086,0.39504551887512207,-0.2245337814092636,0.5365310907363892,-0.2566373646259308,-0.22968173027038574,0.3890724182128906,-0.1692490577697754,0.6594586372375488,-0.2641368806362152,0.4009582996368408,-0.09126464277505875,0.11220496892929077,0.27046290040016174,-0.17290975153446198
3,223,466,247,486,0.2347482442855835,-0.2573111653327942,-0.045309849083423615,1.222044587135315,-0.11716178059577942,-0.27017679810523987,-0.12136982381343842,-0.2406715601682663,-0.053744688630104065,-0.1761205494403839,0.38722163438796997,-0.19426198303699493,-0.05698038637638092,0.7265876531600952,0.6181629300117493,-0.19750162959098816,3.024461507797241,-0.15910476446151733,-0.24703852832317352,-0.24485713243484497,-0.06205650791525841,1.74336838722229,0.23908399045467377,-0.22394073009490967,1.5884069204330444,-0.2205023169517517,-0.19530007243156433,-0.11658800393342972,0.06434402614831924,0.10589717328548431,-0.16946208477020264,-0.2611415386199951,-0.1832144856452942,0.3569543957710266,-0.25581493973731995,-0.07857120037078857,0.093926802277565,0.060028545558452606,-0.22550037503242493,-0.16146013140678406,-0.22141125798225403,0.10433722287416458,-0.11665233224630356,0.508750855922699,-0.09916386753320694,-0.2341899275779724,-0.2608169913291931,0.7263215184211731,-0.17507508397102356,-0.09628564119338989,0.8193970918655396,0.3892633318901062,-0.07161284983158112,-0.26168274879455566,0.013664498925209045,-0.24650323390960693,-0.26041680574417114,1.1139131784439087,2.2973546981811523,-0.19592255353927612,-0.24218109250068665,0.3351674973964691,-0.11583513021469116,-0.18541407585144043,-0.12057319283485413,-0.03252221643924713,0.08849109709262848,-0.18691684305667877,-0.14200450479984283,0.09748806059360504,0.709338903427124,-0.12368631362915039,-0.24599793553352356,-6.160885095596313e-05,0.7671370506286621,-0.1058393269777298,-0.07646019756793976,-0.25378215312957764,-0.189018115401268,-0.1131911426782608,-0.20717820525169373,-0.27569711208343506,-0.2465260624885559,-0.08674327284097672,-0.0534185916185379,-0.04734015464782715,0.1863967478275299,-0.09931547939777374,-0.05791698396205902,-0.26520663499832153,-0.14075084030628204,-0.12430179864168167,0.25031110644340515,0.2081512063741684,-0.2655808925628662,0.36140209436416626,-0.11945115774869919,-0.007252290844917297,-0.26736146211624146,0.020445048809051514,0.7415512204170227,-0.09771668910980225,-0.03879671171307564,-0.18540409207344055,-0.1963353455066681,-0.17935532331466675,-0.16945874691009521,-0.27636510133743286,0.9272603988647461,-0.14547353982925415,-0.23060917854309082,0.1426178514957428,-0.25785624980926514,-0.2511197328567505,0.07142800092697144,-0.0759223997592926,-0.0015834011137485504,-0.27651891112327576,-0.20299217104911804,-0.05256333947181702,-0.08872333914041519,0.4423066973686218,-0.24643543362617493,0.03466900438070297,-0.25367847084999084,-0.052753373980522156,-0.06102300435304642,0.015180155634880066
4,379,722,403,743,0.18326330184936523,-0.2655104994773865,0.010584063827991486,1.2188589572906494,-0.17149940133094788,-0.2465704381465912,0.10244596004486084,-0.27315711975097656,-0.2532808780670166,-0.17913469672203064,0.5311836004257202,-0.17178213596343994,-0.17468076944351196,1.7871460914611816,0.37709030508995056,-0.1997143030166626,1.2193900346755981,-0.23904868960380554,-0.27096688747406006,-0.26367926597595215,0.04014153778553009,-0.07895401120185852,0.2010200023651123,-0.26733458042144775,1.4181650876998901,1.123911738395691,-0.10530486702919006,-0.1235092431306839,0.34129732847213745,0.07304272055625916,-0.2762090563774109,-0.23685529828071594,-0.15519678592681885,0.05534213036298752,-0.2330741584300995,-0.16470861434936523,0.1726074516773224,0.101713627576828,-0.20815858244895935,-0.17212790250778198,-0.16215752065181732,0.21393010020256042,0.19597533345222473,0.633611261844635,-0.062113285064697266,-0.1606135070323944,-0.24795177578926086,0.595650315284729,0.08946557343006134,0.3006669282913208,0.43574342131614685,0.6785970330238342,0.034546636044979095,-0.24584391713142395,-0.2661762833595276,-0.18613776564598083,-0.247755765914917,0.3221323788166046,2.551766872406006,-0.2594209909439087,-0.12061217427253723,0.438029408454895,-0.0575907863676548,-0.16910168528556824,0.14497295022010803,0.025048017501831055,0.1820872724056244,-0.11829570680856705,-0.12254028022289276,0.30063050985336304,0.16292962431907654,0.05213886499404907,-0.13633374869823456,0.09245863556861877,0.5074561238288879,0.2976427674293518,-0.04555245488882065,-0.2544994056224823,-0.23871669173240662,-0.08540701866149902,-0.2396736443042755,-0.277269184589386,-0.253152072429657,0.3427562117576599,0.03610982000827789,-0.13831962645053864,-0.023123465478420258,-0.11938005685806274,-0.05757977068424225,-0.1791488528251648,-0.10844407230615616,-0.07808571308851242,0.027580156922340393,0.37187460064888,-0.26789185404777527,0.4715535640716553,0.06697967648506165,-0.21500390768051147,-0.23890185356140137,0.0604831799864769,2.001605749130249,-0.1142466738820076,-0.14603067934513092,-0.05896764621138573,-0.185018390417099,-0.14843524992465973,-0.11226925998926163,-0.1883467733860016,0.38629648089408875,-0.17120516300201416,-0.24281075596809387,0.1897333860397339,-0.18813812732696533,-0.22251513600349426,0.12499985098838806,-0.08062422275543213,0.7478406429290771,-0.24026547372341156,-0.1530296504497528,-0.09059511125087738,0.04018605500459671,0.4214317500591278,-0.20499670505523682,0.24578815698623657,-0.24961039423942566,0.3299180865287781,-0.04848850518465042,0.012894481420516968
5,416,680,440,701,0.8109433054924011,-0.2383548766374588,-0.10668579488992691,0.8660349249839783,-0.015620209276676178,-0.2767997682094574,-0.19513753056526184,-0.21472559869289398,-0.23555880784988403,-0.25889942049980164,1.9880478382110596,-0.2777444124221802,-0.15547490119934082,3.5660042762756348,0.17690236866474152,-0.2709778845310211,-0.08107060939073563,-0.2777642011642456,-0.24538180232048035,-0.27359387278556824,-0.2682785093784332,0.9924923181533813,-0.11640407145023346,-0.23892726004123688,-0.2615720331668854,-0.2697659730911255,-0.12593954801559448,0.1101238876581192,1.5687750577926636,-0.10735242813825607,-0.208500936627388,-0.2669830322265625,-0.2762565314769745,0.3887905180454254,-0.21735161542892456,-0.2783396244049072,-0.27723759412765503,-0.17157895863056183,-0.18014326691627502,-0.2771526873111725,-0.26884254813194275,-0.2429976910352707,-0.2744106650352478,-0.25354427099227905,-0.26246172189712524,-0.16964559257030487,-0.14952675998210907,0.6933215856552124,0.8866614699363708,0.17980289459228516,-0.09925532341003418,0.7409684658050537,-0.03322126716375351,-0.24662113189697266,-0.25955793261528015,-0.21702928841114044,-0.21278239786624908,0.11716893315315247,1.0845133066177368,-0.21660086512565613,-0.2758011519908905,0.2712269127368927,-0.13529154658317566,-0.2779770791530609,4.234562397003174,-0.24766546487808228,-0.12287461757659912,0.258974552154541,-0.2640598714351654,0.28099533915519714,1.9827061891555786,-0.05878152325749397,-0.2646317481994629,-0.23365841805934906,0.9702418446540833,-0.24695779383182526,0.32075464725494385,-0.19049787521362305,0.03417264670133591,-0.06362704187631607,-0.006066322326660156,-0.2625032961368561,-0.27429938316345215,0.8433899283409119,0.447626531124115,-0.22519977390766144,-0.15928177535533905,-0.1262880116701126,-0.2039935141801834,-0.21286572515964508,-0.1385546624660492,0.026666849851608276,-0.2149253636598587,-0.1810380518436432,-0.14987525343894958,-0.08819837868213654,-0.2645641267299652,-0.25152522325515747,-0.27259591221809387,0.626214325428009,-0.10573448240756989,-0.17352306842803955,-0.018418846651911736,-0.1285700798034668,-0.23823608458042145,0.11288484930992126,-0.009491940028965473,1.638060212135315,-0.15790891647338867,-0.2407974898815155,-0.1494259387254715,-0.27801743149757385,-0.20576196908950806,0.04341787472367287,-0.0020730667747557163,-0.2777233123779297,-0.20719106495380402,-0.2644755244255066,-0.13407744467258453,0.7370258569717407,0.005070085637271404,0.09275978803634644,-0.27058839797973633,0.6940354108810425,-0.276959091424942,-0.21459606289863586,1.159581184387207,-0.2134086936712265
6,315,519,339,540,0.9102979302406311,-0.2712969183921814,-0.06608812510967255,1.0519201755523682,-0.10085807740688324,-0.2686534523963928,0.13736100494861603,-0.24114184081554413,-0.21484583616256714,-0.25710153579711914,0.6690105199813843,-0.18782812356948853,-0.1548750102519989,2.0802488327026367,0.16977578401565552,-0.252072811126709,-0.1602453887462616,-0.18166591227054596,-0.22686535120010376,-0.2704380750656128,-0.07885380834341049,0.08967768400907516,0.2822474241256714,-0.2593293786048889,-0.15436075627803802,0.0738697275519371,-0.18264910578727722,-0.15176914632320404,1.5325403213500977,0.27820640802383423,-0.26385316252708435,-0.25182676315307617,-0.2251959890127182,0.14141686260700226,-0.23078051209449768,-0.27006667852401733,-0.13015873730182648,-0.013185560703277588,-0.24263381958007812,-0.14696909487247467,-0.23993906378746033,-0.07693518698215485,-0.2782549262046814,0.766696572303772,-0.22959204018115997,-0.1859363466501236,-0.2590232789516449,0.37106508016586304,-0.12848171591758728,0.009197890758514404,0.012632131576538086,0.17640620470046997,0.2528354525566101,-0.2715079188346863,-0.2604428231716156,1.0239840745925903,-0.25927430391311646,0.04504097253084183,0.7303982973098755,-0.21016138792037964,-0.26138409972190857,0.38203656673431396,-0.09819933772087097,0.6090182662010193,2.015037775039673,0.020787373185157776,-0.24135494232177734,1.0453801155090332,-0.15803764760494232,0.24839173257350922,1.129850149154663,0.07703696191310883,-0.20176684856414795,-0.14257130026817322,0.19216831028461456,0.10480190813541412,0.5789047479629517,-0.18108519911766052,0.09984651207923889,-0.06555218994617462,-0.21641163527965546,-0.27009254693984985,-0.26873430609703064,0.06623348593711853,-0.008621275424957275,-0.2057710886001587,0.006024934351444244,-0.17463797330856323,-0.050646618008613586,-0.23398736119270325,-0.25603169202804565,-0.10854176431894302,0.08988291025161743,-0.24241335690021515,-0.2723110318183899,0.1027374267578125,-0.2087368667125702,-0.15148654580116272,-0.2586272656917572,0.05930175632238388,0.6282990574836731,-0.2096274495124817,-0.08453459292650223,-0.061822839081287384,-0.2749326825141907,-0.015417100861668587,-0.173559308052063,-0.26161158084869385,-0.27720850706100464,-0.013145430013537407,-0.2433462142944336,-0.21208226680755615,-0.2635883092880249,0.11172915250062943,0.07194072008132935,-0.20650309324264526,0.30420759320259094,-0.2534964680671692,-0.207189679145813,0.4028916358947754,-0.10219687968492508,0.33720967173576355,-0.2359183132648468,0.30554109811782837,-0.13372038304805756,0.099866583943367,0.9384538531303406,-0.13314054906368256
7,595,329,619,349,0.8849493861198425,-0.23895300924777985,-0.1333886981010437,0.9251264929771423,-0.07824788987636566,-0.27788394689559937,0.42670130729675293,-0.2772851288318634,-0.21236443519592285,-0.2155761867761612,1.3972141742706299,-0.26533082127571106,-0.2782522141933441,1.815000295639038,0.3882948160171509,-0.26671209931373596,-0.14436975121498108,-0.2782561779022217,-0.27844399213790894,-0.25660109519958496,-0.18067243695259094,0.39783215522766113,0.12863516807556152,-0.27517953515052795,-0.155429407954216,-0.2696102559566498,-0.1086474284529686,0.5146650671958923,1.7132354974746704,-0.024178747087717056,-0.25888335704803467,-0.2413012832403183,-0.2606671154499054,0.4716903865337372,-0.03619684278964996,-0.27782344818115234,-0.2781134843826294,-0.08838201314210892,-0.26778697967529297,-0.2455042600631714,-0.2651938498020172,-0.2065228819847107,-0.17849089205265045,-0.2135733813047409,-0.03513666242361069,-0.2038017362356186,-0.27545851469039917,0.5019544363021851,1.1785446405410767,0.6425274014472961,0.054309338331222534,0.0817183181643486,0.3035171627998352,-0.252797394990921,-0.2770586907863617,-0.14113286137580872,-0.24706730246543884,0.14743904769420624,0.8644012212753296,-0.2763342261314392,0.03557569533586502,0.7665486931800842,-0.02490517683327198,-0.26216551661491394,2.479201316833496,-0.23790670931339264,-0.24286307394504547,0.2041240632534027,-0.19673369824886322,0.6340781450271606,1.5124332904815674,-0.07759582251310349,-0.1786877065896988,-0.02104015275835991,0.42524003982543945,-0.27808165550231934,0.27182823419570923,-0.2721025347709656,0.06927430629730225,-0.22499176859855652,-0.0459737703204155,-0.23265549540519714,-0.2772883474826813,0.5112890601158142,0.5007242560386658,-0.27732905745506287,0.06880355626344681,-0.240782231092453,-0.049521155655384064,-0.2784643769264221,-0.2691674828529358,0.018703250214457512,0.23818735778331757,-0.196328267455101,-0.2296910136938095,-0.16381700336933136,-0.2696235775947571,-0.2508758008480072,-0.2743595540523529,0.3723713159561157,-0.11914952844381332,-0.2671166956424713,-0.07239147275686264,0.03238307684659958,-0.2384718656539917,0.43901777267456055,0.244477316737175,1.1206153631210327,-0.23196186125278473,0.025443432852625847,-0.26034149527549744,-0.27058565616607666,-0.273030161857605,-0.04033467173576355,0.21936821937561035,-0.26569628715515137,0.44611337780952454,-0.2704217731952667,-0.17246808111667633,0.8139610290527344,-0.08473444730043411,0.22986677289009094,-0.26749542355537415,0.8704627752304077,-0.2278539389371872,-0.0015084644546732306,1.192742109298706,-0.21446271240711212
8,389,360,413,380,0.9144524931907654,-0.23917099833488464,-0.10179153829813004,1.0024676322937012,-0.1278286725282669,-0.2780032455921173,0.5991495251655579,-0.243741974234581,-0.23402461409568787,-0.27754953503608704,1.2288707494735718,-0.27689480781555176,-0.22196927666664124,1.784326434135437,0.2134435921907425,-0.2577034831047058,-0.1398768573999405,-0.2782304883003235,-0.2747911810874939,-0.22892625629901886,0.12214160710573196,0.10801905393600464,0.11345328390598297,-0.274640291929245,-0.1459868997335434,-0.25287187099456787,-0.12926670908927917,0.27805814146995544,1.9457873106002808,0.1112881526350975,-0.25220346450805664,-0.2653111219406128,-0.26588109135627747,0.6715483069419861,-0.0396270789206028,-0.250782310962677,-0.25198137760162354,-0.17385022342205048,-0.2764049768447876,-0.2437305599451065,-0.2508438527584076,-0.14587289094924927,-0.13807626068592072,0.26885974407196045,0.04589059576392174,-0.25946560502052307,-0.2751644253730774,0.3912140727043152,1.342393159866333,0.7357276082038879,0.19334189593791962,-0.05940166115760803,0.37046995759010315,-0.26626166701316833,-0.2784644067287445,-0.06308037042617798,-0.26102057099342346,0.6202912926673889,0.8645521998405457,-0.27240288257598877,0.05410042032599449,1.0421379804611206,-0.07761214673519135,0.01903366856276989,1.9830846786499023,-0.27645444869995117,-0.27585741877555847,0.45243871212005615,-0.21065779030323029,0.9243805408477783,1.0773979425430298,0.033323802053928375,-0.134291410446167,0.32937780022621155,0.10725137591362,-0.15496595203876495,0.4496968686580658,-0.21987514197826385,0.2112615406513214,-0.1919710636138916,-0.17363835871219635,-0.15541362762451172,-0.2756499648094177,0.4299759566783905,0.1863086074590683,-0.27190619707107544,-0.08023121953010559,-0.22213031351566315,-0.11143974214792252,-0.2748972773551941,-0.25164544582366943,-0.048973340541124344,0.1418575495481491,-0.24727308750152588,-0.25487834215164185,-0.10958115011453629,-0.2742129862308502,-0.2455819547176361,-0.238242968916893,0.09269006550312042,-0.14276854693889618,-0.21065963804721832,-0.029443344101309776,0.15826506912708282,-0.27281609177589417,0.6311452984809875,0.21737460792064667,0.09492481499910355,-0.2784326672554016,0.2354203164577484,-0.2771141529083252,-0.24463164806365967,-0.22284501791000366,-0.1263384222984314,0.20981591939926147,-0.22722239792346954,1.2029818296432495,-0.18595950305461884,-0.15738485753536224,0.6186314821243286,-0.1486610621213913,0.1843184232711792,-0.2771746516227722,0.7451685070991516,-0.1335887610912323,0.05552026256918907,0.9993477463722229,-0.21557728946208954
9,506,684,529,704,0.3868708908557892,-0.21766149997711182,-0.12262992560863495,1.1081043481826782,-0.12166553735733032,-0.2692534327507019,0.3807469606399536,-0.19440887868404388,-0.24669258296489716,-0.2515525221824646,0.36484766006469727,-0.1780393272638321,-0.10750290751457214,0.05511767417192459,0.37155282497406006,-0.20784366130828857,-0.2120453268289566,-0.22452180087566376,-0.24126696586608887,-0.22730909287929535,0.29313769936561584,-0.1702089011669159,0.37205126881599426,1.5695379972457886,-0.02643686532974243,1.1482470035552979,-0.21437059342861176,-0.14343498647212982,0.49095895886421204,0.8375968933105469,0.08273784816265106,-0.022605612874031067,-0.10421722382307053,0.1402270793914795,-0.19118502736091614,-0.11961933970451355,0.05657704174518585,0.16967633366584778,-0.2497888207435608,-0.21238091588020325,-0.022203028202056885,0.10959432274103165,-0.09024372696876526,-0.1363380253314972,0.4078836441040039,0.00614311546087265,-0.2499794065952301,0.7817617058753967,0.26049450039863586,0.5874820947647095,0.42336606979370117,0.4768342971801758,0.3663814067840576,-0.18569664657115936,-0.2520933151245117,-0.0965365618467331,-0.037720248103141785,0.028113316744565964,1.17242431640625,-0.12032201141119003,0.12547194957733154,0.5218636989593506,0.04081643372774124,-0.22382155060768127,0.19405613839626312,-0.040811557322740555,-0.20825761556625366,0.16078901290893555,0.09755488485097885,0.48925697803497314,0.5361371636390686,0.03368087112903595,0.009901419281959534,-0.049597132951021194,-0.01866734027862549,0.27264946699142456,-0.07860474288463593,-0.18463164567947388,-0.23804399371147156,-0.11960598081350327,0.08085143566131592,-0.2620285749435425,-0.2600323557853699,0.11242631822824478,0.5247305035591125,-0.1477239429950714,-0.041369982063770294,-0.15686839818954468,-0.08323661983013153,-0.21807265281677246,-0.22751477360725403,0.060478534549474716,0.0736679881811142,0.17568594217300415,-0.25503888726234436,0.12646745145320892,0.11051036417484283,-0.22543078660964966,-0.24288681149482727,0.11261451989412308,1.1351487636566162,0.1092279851436615,-0.16118226945400238,-0.07103587687015533,-0.20393429696559906,0.02224712073802948,-0.12473936378955841,-0.19093909859657288,-0.2455211877822876,-0.039550311863422394,0.09190580248832703,0.2728824317455292,-0.2246074676513672,-0.12259557098150253,0.32399484515190125,-0.15223003923892975,0.7901298999786377,-0.059697240591049194,-0.22835057973861694,0.11548898369073868,-0.006748795509338379,0.49670660495758057,-0.20987047255039215,0.47251883149147034,-0.0003535822033882141,0.3028760850429535,-0.029019568115472794,0.11262163519859314
10,602,559,625,580,0.3071579039096832,-0.2674793601036072,-0.15332743525505066,1.0960402488708496,-0.16736868023872375,-0.26767897605895996,0.3605870008468628,-0.22811684012413025,-0.25641560554504395,-0.22616764903068542,0.45214545726776123,-0.16568288207054138,-0.10168951749801636,0.24805666506290436,0.2947705388069153,-0.21554981172084808,-0.060103803873062134,-0.22552558779716492,-0.25272220373153687,-0.23917406797409058,0.4532982409000397,-0.10568393766880035,0.47342702746391296,0.3096008896827698,1.131314992904663,1.1954090595245361,-0.1481705605983734,-0.005665510892868042,0.43775996565818787,0.8020662069320679,-0.15298724174499512,0.06793776154518127,-0.0319288969039917,0.09498855471611023,-0.17173266410827637,-0.22310596704483032,-0.03628125786781311,-0.03697453439235687,-0.22660380601882935,-0.20809385180473328,-0.014877118170261383,0.028406351804733276,0.15774384140968323,0.2472693920135498,0.15107452869415283,-0.19137823581695557,-0.26714056730270386,0.4965091645717621,0.2161514163017273,0.44563668966293335,0.702152669429779,0.5930391550064087,0.07077540457248688,-0.21670573949813843,-0.17743833363056183,-0.242376446723938,-0.23342609405517578,0.23230284452438354,1.8402187824249268,-0.16175197064876556,0.0034613870084285736,0.30915477871894836,-0.02914140373468399,-0.1364038586616516,-0.026231352239847183,-0.004493732005357742,0.08365774154663086,0.06321816146373749,-0.025674177333712578,0.6027141213417053,0.1676701009273529,0.14895829558372498,0.08801035583019257,0.11791517585515976,0.20672759413719177,0.2734649181365967,-0.05422993004322052,-0.23774975538253784,-0.2284860461950302,-0.11772625893354416,0.032789163291454315,-0.27179673314094543,-0.24595260620117188,0.14412398636341095,0.14733798801898956,0.11604779958724976,0.1508316546678543,-0.13154402375221252,-0.12465570867061615,-0.21715456247329712,-0.26083874702453613,0.04463915154337883,0.10810181498527527,0.06742236018180847,-0.2571393847465515,0.24988222122192383,-0.07644258439540863,-0.16823193430900574,-0.22711023688316345,0.12841512262821198,0.915595531463623,-0.1696469783782959,-0.12993094325065613,-0.03345693647861481,-0.25175240635871887,-0.0992007628083229,-0.04435792192816734,-0.1454201191663742,-0.0611589290201664,-0.10288842767477036,-0.14776931703090668,0.21026001870632172,-0.2414495348930359,-0.21352165937423706,0.32923203706741333,-0.08717159181833267,0.6465082764625549,-0.20099887251853943,-0.19750067591667175,0.050887830555438995,-0.05273421108722687,0.3600428104400635,-0.18510347604751587,0.31977328658103943,-0.20054444670677185,0.14848922193050385,-0.18717119097709656,-0.030563779175281525
11,430,852,453,871,0.20751918852329254,-0.23869818449020386,-0.11471617966890335,1.2180917263031006,-0.1413556933403015,-0.244718536734581,-0.008733652532100677,-0.22572046518325806,-0.2602774202823639,-0.17964838445186615,0.33041584491729736,-0.19836340844631195,-0.0426192469894886,2.2432050704956055,0.7106359004974365,-0.20577795803546906,-0.2668118476867676,-0.22377783060073853,-0.259745717048645,-0.24441850185394287,-0.0697636753320694,1.6068315505981445,0.2540627717971802,-0.25617116689682007,0.4404340386390686,-0.21690553426742554,-0.24116110801696777,0.066096231341362,0.25585904717445374,0.04035290330648422,-0.17690622806549072,-0.2720412611961365,-0.1899510622024536,0.2490958571434021,-0.26682424545288086,-0.15226608514785767,0.10227198898792267,0.19195353984832764,-0.16791222989559174,-0.17276734113693237,-0.26282787322998047,0.21006640791893005,0.13635089993476868,0.03712493181228638,-0.163596510887146,-0.08964329957962036,-0.2148650735616684,0.980576753616333,-0.15816299617290497,-0.14948558807373047,0.21347078680992126,0.8288538455963135,0.002277478575706482,-0.27555105090141296,-0.2564786672592163,-0.007073760032653809,-0.2636910676956177,0.35677585005760193,2.0368030071258545,-0.20731540024280548,-0.19361838698387146,0.17655707895755768,-0.13788817822933197,-0.18435320258140564,-0.13945885002613068,-0.19538579881191254,-0.27768832445144653,-0.11739624291658401,-0.11081338673830032,0.03484870493412018,0.7996083498001099,0.26425158977508545,-0.255295991897583,-0.2059755027294159,0.7294431924819946,0.02107486128807068,-0.09521932899951935,-0.24492666125297546,0.06856057792901993,-0.07300620526075363,-0.14098121225833893,-0.2197939157485962,-0.2716171443462372,0.16881614923477173,-0.011188298463821411,-0.13101208209991455,0.24781759083271027,-0.19208447635173798,-0.08270595967769623,-0.2226778268814087,-0.0654107928276062,-0.1836337447166443,0.19546610116958618,0.2752113938331604,-0.2368876039981842,0.3782632350921631,-0.020647399127483368,0.061850883066654205,-0.21750259399414062,0.014047890901565552,0.7928851246833801,-0.09019135683774948,-0.1648770570755005,-0.20719942450523376,-0.20737528800964355,-0.07397525757551193,-0.23280340433120728,-0.23124806582927704,-0.17467093467712402,-0.10189855843782425,-0.17798587679862976,0.19832617044448853,-0.1870754361152649,-0.23386253416538239,0.03456221520900726,-0.20438483357429504,0.03913584351539612,-0.19200924038887024,-0.049826979637145996,0.008032109588384628,-0.05528531223535538,0.44560137391090393,-0.232010155916214,0.032559946179389954,-0.25650766491889954,-0.051202528178691864,-0.18131063878536224,-0.00211961567401886
12,213,550,237,570,-0.11522843688726425,-0.265279084444046,-0.25028958916664124,1.2874524593353271,-0.0475904606282711,-0.18672128021717072,-0.26114025712013245,-0.2650677263736725,-0.24173736572265625,-0.12331336736679077,2.2210159301757812,-0.2505614161491394,-0.16990451514720917,2.984116554260254,-0.21269086003303528,-0.2758501470088959,-0.06368644535541534,-0.008102704770863056,-0.2784254252910614,-0.247977614402771,-0.15352791547775269,0.4132162928581238,-0.1555236130952835,-0.25376367568969727,-0.21227622032165527,-0.21354283392429352,-0.21314197778701782,-0.24784597754478455,0.980046808719635,-0.2721904516220093,-0.09604179114103317,-0.23200419545173645,-0.2711775600910187,1.0871238708496094,-0.18127292394638062,-0.27402177453041077,0.15131694078445435,-0.05002247542142868,-0.1820119470357895,-0.2326919138431549,-0.20644521713256836,0.47438788414001465,0.10254710167646408,0.4347086250782013,-0.2579817771911621,-0.27821266651153564,-0.25189822912216187,0.8065530061721802,3.0248544216156006,0.17610374093055725,0.05448624864220619,-0.27434927225112915,-0.20096077024936676,-0.19936826825141907,-0.27820366621017456,0.027395568788051605,-0.27281853556632996,1.937739610671997,1.2451454401016235,-0.23820079863071442,-0.23023776710033417,0.9257558584213257,0.2656342387199402,3.6072254180908203,1.3964078426361084,-0.26930540800094604,-0.27160242199897766,1.4392741918563843,-0.2716370224952698,1.2230701446533203,0.7450660467147827,-0.13302482664585114,-0.2481021136045456,0.3157006800174713,-0.0665244460105896,-0.1212996318936348,-0.14834709465503693,-0.278422087430954,0.5632814168930054,-0.026491403579711914,-0.24328918755054474,-0.2188604325056076,0.0652700737118721,-0.24116040766239166,-0.22093123197555542,-0.04053448885679245,-0.20737199485301971,-0.17140784859657288,-0.24494533240795135,-0.27335503697395325,-0.2771536111831665,0.08232927322387695,-0.21517662703990936,-0.14871610701084137,-0.2701941430568695,0.9897761344909668,-0.275186151266098,-0.18793927133083344,0.0553717240691185,-0.2784580886363983,-0.27793216705322266,-0.13151364028453827,-0.14048908650875092,-0.1255185604095459,-0.05536584183573723,1.3609868288040161,-0.27838990092277527,-0.2372102290391922,-0.14989426732063293,0.9244266152381897,-0.19482025504112244,-0.11917956918478012,-0.2222299575805664,-0.27844688296318054,-0.27077510952949524,0.07860519737005234,1.066956639289856,0.0009122751653194427,0.05591908469796181,0.574608325958252,-0.20225542783737183,-0.11735651642084122,-0.1953577697277069,0.1206694021821022,-0.10533883422613144,-0.27578043937683105,0.8369295597076416,-0.23219071328639984
13,882,353,905,373,-0.23773249983787537,-0.26441702246665955,-0.15219710767269135,1.521225929260254,-0.1096791923046112,0.12851659953594208,-0.26956743001937866,-0.2746743857860565,0.29666608572006226,-0.14085979759693146,0.05775538086891174,-0.10293025523424149,-0.180100679397583,1.4319933652877808,0.08082770556211472,-0.19002526998519897,4.189495086669922,-0.09465549886226654,-0.15814293920993805,-0.2753630578517914,-0.2701929807662964,3.3354763984680176,-0.2754952609539032,-0.08683307468891144,2.7969274520874023,-0.27368175983428955,-0.20092755556106567,0.0325319766998291,-0.16586685180664062,-0.27841925621032715,-0.11969805508852005,-0.25898075103759766,-0.27691125869750977,0.13231413066387177,-0.2707268297672272,-0.15421828627586365,0.46714144945144653,-0.023628242313861847,-0.16329129040241241,-0.1919834315776825,-0.1369299739599228,0.49231478571891785,0.3589533567428589,0.8792772889137268,-0.27389195561408997,-0.2650587558746338,-0.2686253786087036,1.105022668838501,0.33565017580986023,-0.20148377120494843,1.6623908281326294,0.8033306002616882,-0.27843543887138367,-0.2758074104785919,-0.11574537307024002,-0.2583741247653961,-0.2291020005941391,1.5943397283554077,4.232214450836182,-0.27832889556884766,-0.17051775753498077,-0.17694443464279175,-0.21123242378234863,-0.2685057818889618,-0.18201760947704315,-0.22589711844921112,0.2191092073917389,-0.27829810976982117,-0.23665326833724976,-0.19746632874011993,0.8871537446975708,0.03737176954746246,-0.26958417892456055,-0.2783956229686737,0.8690188527107239,0.23369917273521423,-0.1640741527080536,-0.20003624260425568,-0.23660217225551605,-0.09798713773488998,0.9616086483001709,-0.26264703273773193,-0.2727489173412323,-0.19870425760746002,-0.23844623565673828,-0.1621505171060562,-0.11620088666677475,-0.027556611225008965,-0.2703424394130707,-0.2005525529384613,-0.12825822830200195,0.1798127442598343,-0.12081116437911987,0.6121013164520264,-0.27832165360450745,0.6945635080337524,-0.2335989624261856,-0.22392630577087402,-0.24884052574634552,-0.17311224341392517,-0.21325349807739258,-0.055455874651670456,-0.12461462616920471,-0.2762826979160309,-0.2542501986026764,-0.14865650236606598,-0.25629371404647827,-0.13372622430324554,1.4523712396621704,-0.19509300589561462,-0.276380717754364,0.4576800465583801,-0.2554115951061249,-0.2391805350780487,-0.24434851109981537,-0.037470683455467224,-0.04986666515469551,-0.24198226630687714,-0.17721085250377655,-0.18162912130355835,-0.051419150084257126,-0.07972399890422821,-0.25881752371788025,-0.17581751942634583,-0.2690613865852356,-0.25923049449920654,-0.08080259710550308,0.16268740594387054
14,855,461,879,481,0.19261378049850464,-0.2721750736236572,-0.08836791664361954,1.1213114261627197,-0.1258329153060913,-0.17407089471817017,-0.015566736459732056,-0.18043752014636993,-0.24046185612678528,-0.22668269276618958,0.5608454942703247,-0.21605592966079712,-0.11873389780521393,-0.02077566646039486,-0.03072367236018181,-0.2423827052116394,-0.22559218108654022,-0.12315277755260468,-0.21638120710849762,-0.177671879529953,0.3160298466682434,0.1313430219888687,0.4730781316757202,0.1474699079990387,0.49942755699157715,-0.15158428251743317,-0.24552839994430542,-0.23062342405319214,0.40845346450805664,0.19140565395355225,-0.16520121693611145,-0.25522100925445557,-0.21429027616977692,0.38272491097450256,-0.1730475276708603,-0.19936323165893555,-0.11274292320013046,0.18291747570037842,-0.22690097987651825,-0.21626609563827515,-0.2126653492450714,0.12809424102306366,0.06305309385061264,-0.15248049795627594,-0.162597194314003,-0.25742679834365845,-0.2332991659641266,0.7252486348152161,2.1808459758758545,0.7426114082336426,0.22502021491527557,-0.21848028898239136,0.09668964147567749,-0.24180607497692108,-0.2644498348236084,-0.2704704999923706,-0.24830296635627747,0.37776851654052734,0.9674707055091858,-0.1256779581308365,0.029782813042402267,0.27683618664741516,-0.00046602264046669006,-0.10445494949817657,-0.2244083285331726,-0.21281805634498596,-0.27115345001220703,0.05985678732395172,-0.0717063620686531,0.6883301734924316,0.24969466030597687,-0.11934734880924225,-0.1126146912574768,0.504898726940155,-0.024346917867660522,-0.12916216254234314,-0.04160994291305542,-0.24777978658676147,-0.21788300573825836,-0.14911922812461853,-0.09738118946552277,-0.19079315662384033,-0.2583640217781067,-0.07401350140571594,0.5576580762863159,-0.11493019014596939,0.12979403138160706,-0.13476067781448364,-0.11652541160583496,-0.2701648473739624,-0.27225062251091003,0.2882564067840576,0.2790397107601166,-0.22638417780399323,-0.27554231882095337,0.18889963626861572,-0.254847913980484,-0.16229471564292908,-0.23420853912830353,-0.07048147916793823,-0.17627398669719696,-0.21365922689437866,-0.13605904579162598,-0.12515820562839508,-0.18141111731529236,0.1933906376361847,-0.23160609602928162,-0.25554850697517395,-0.025048643350601196,0.0381447933614254,-0.17958012223243713,-0.09723131358623505,-0.243610218167305,-0.25073322653770447,0.13526277244091034,0.022893011569976807,0.8752460479736328,0.3107725977897644,-0.18999993801116943,0.2879314422607422,-0.19173608720302582,0.420432984828949,-0.2624666094779968,0.7265810966491699,-0.13763271272182465,-0.10866135358810425,-0.17258605360984802,-0.16789770126342773
15,729,857,753,878,0.9448432326316833,-0.25046712160110474,0.010100791230797768,0.9338230490684509,-0.12066511809825897,-0.2751290798187256,0.08865860849618912,-0.19324862957000732,-0.27052754163742065,-0.25765055418014526,0.7313880920410156,-0.25415974855422974,-0.16455905139446259,1.1306140422821045,0.3063536286354065,-0.24506396055221558,-0.2231079488992691,-0.26105988025665283,-0.269008994102478,-0.24910670518875122,0.04360292851924896,0.07212845981121063,0.4401029646396637,-0.25026169419288635,-0.1582769900560379,-0.02396264672279358,-0.18314707279205322,0.02385994791984558,1.0610718727111816,0.6136170029640198,-0.24259044229984283,-0.23665645718574524,-0.17965099215507507,0.057761628180742264,-0.19111205637454987,-0.2638925015926361,-0.2569385766983032,0.4366447925567627,-0.26142436265945435,-0.20874279737472534,-0.2666720747947693,-0.22054031491279602,-0.22048228979110718,-0.1713588535785675,-0.07611387223005295,-0.15328200161457062,-0.2568027377128601,0.4275617003440857,0.04214794933795929,0.20891354978084564,-0.03534632921218872,0.07058575004339218,0.2609531283378601,-0.24986040592193604,-0.24055933952331543,0.09132316708564758,-0.24228012561798096,-0.10735870152711868,0.5815665125846863,-0.21940286457538605,-0.040627580136060715,0.5923192501068115,-0.13681484758853912,-0.2628231346607208,1.8252921104431152,-0.17060375213623047,-0.25583869218826294,0.4112462103366852,-0.15996934473514557,0.3830002546310425,1.2441606521606445,-0.16784346103668213,-0.07665576785802841,-0.083857461810112,0.26136717200279236,-0.1320890486240387,0.16391608119010925,-0.2685544490814209,-0.2056933343410492,-0.13087229430675507,-0.02255943976342678,-0.26765817403793335,-0.27470463514328003,0.268377423286438,0.4648435711860657,-0.1056840717792511,0.1234998032450676,-0.17028096318244934,0.055015385150909424,-0.2611892521381378,-0.21532145142555237,-0.08277729153633118,0.16641561686992645,-0.2107871025800705,-0.250764399766922,-0.18119612336158752,-0.2241910994052887,-0.21785593032836914,-0.24171245098114014,0.4527182877063751,0.16521412134170532,0.06887236982584,-0.12336495518684387,0.040855929255485535,-0.26488229632377625,0.14381816983222961,-0.007080334238708019,0.40584492683410645,-0.2186458557844162,-0.0486120767891407,-0.23540493845939636,-0.24872981011867523,-0.25740107893943787,0.10526395589113235,0.3099465072154999,-0.24896129965782166,0.3854809105396271,-0.25394049286842346,-0.2451806217432022,0.4999455511569977,-0.08779735863208771,0.41213324666023254,-0.2706400752067566,0.49623391032218933,-0.19070900976657867,0.2570798695087433,0.6856338977813721,-0.16913512349128723
16,495,701,519,721,0.19399169087409973,-0.24616825580596924,-0.2083822637796402,1.0730483531951904,-0.13295698165893555,-0.2371177077293396,0.33202141523361206,-0.2138667106628418,-0.11217757314443588,-0.22855712473392487,0.4294902980327606,-0.1776447892189026,-0.11171264946460724,-0.04055149853229523,0.8840452432632446,-0.2247498780488968,-0.19936774671077728,-0.20595797896385193,-0.22075191140174866,-0.22766441106796265,0.34826311469078064,0.7290430665016174,0.3766207695007324,0.9874139428138733,0.3632352650165558,-0.21262815594673157,-0.21133826673030853,0.07484551519155502,0.2989856004714966,0.11631914973258972,-0.2299935668706894,-0.043194130063056946,-0.21925000846385956,0.3330814242362976,-0.20875483751296997,-0.06740237027406693,-0.07630088925361633,0.03845461085438728,-0.2414960116147995,-0.20359593629837036,-0.25103071331977844,0.019887641072273254,-0.06517592817544937,-0.1474192589521408,-0.017557542771100998,-0.2124193012714386,-0.23440925776958466,0.6239118576049805,0.2581127882003784,0.5096932649612427,0.4559690058231354,0.2573589086532593,0.18743287026882172,-0.2695993483066559,-0.11460267007350922,-0.24131383001804352,-0.23218373954296112,0.3739124536514282,1.2133455276489258,-0.11051914840936661,0.04669101536273956,0.40046295523643494,-0.015900589525699615,-0.22534306347370148,-0.1531171202659607,-0.19747021794319153,-0.22892411053180695,-0.010816436260938644,0.11425083130598068,0.4631507396697998,0.8691791296005249,-0.04336788132786751,-0.11176817864179611,-0.04564402624964714,0.18582624197006226,0.06285525858402252,-0.08684287220239639,-0.23301681876182556,-0.2491033375263214,-0.11167378723621368,-0.1182028204202652,-0.264609158039093,-0.27165666222572327,0.3810032606124878,0.3171877861022949,-0.14400304853916168,0.15497557818889618,-0.18733540177345276,-0.07534477114677429,-0.25007185339927673,-0.23553231358528137,0.060819607228040695,0.16055041551589966,0.04740288108587265,-0.2517576813697815,0.22665943205356598,-0.0463276281952858,-0.1777651309967041,-0.2528788447380066,0.12131336331367493,0.7098726034164429,-0.13771961629390717,-0.1957104504108429,-0.11644674092531204,-0.20850104093551636,-0.04794096201658249,-0.15110589563846588,-0.18914979696273804,-0.2434578239917755,-0.042780354619026184,-0.1574333906173706,0.21041956543922424,-0.2557082176208496,-0.2591704726219177,0.31566089391708374,-0.18741890788078308,0.7706730365753174,0.00924587994813919,-0.23595809936523438,0.028989199548959732,-0.07517509162425995,0.47727978229522705,-0.23151010274887085,0.44394803047180176,-0.14391081035137177,0.3199971318244934,-0.16498014330863953,0.007703021168708801
17,195,738,219,758,-0.17683060467243195,-0.25849008560180664,-0.24609865248203278,1.4638727903366089,-0.08861801028251648,-0.03330141678452492,-0.2779455780982971,-0.2783753275871277,-0.1430867314338684,-0.13156422972679138,0.7438251376152039,-0.13332654535770416,-0.14193953573703766,2.672597646713257,-0.2302238792181015,-0.21752861142158508,-0.16664303839206696,-0.029658976942300797,-0.2665287256240845,-0.2482399046421051,-0.2780986726284027,2.2720558643341064,-0.25261539220809937,-0.2754119634628296,1.570227861404419,-0.22021546959877014,-0.2782100737094879,0.01705915853381157,-0.27390962839126587,-0.25784119963645935,-0.10048598796129227,-0.25757768750190735,-0.23915651440620422,0.5104695558547974,-0.24333149194717407,-0.20170548558235168,0.35346609354019165,-0.022302357479929924,-0.14557021856307983,-0.1209072396159172,-0.1947782337665558,0.738352358341217,0.8510419130325317,-0.04864504560828209,-0.16993969678878784,-0.269184947013855,-0.2349931001663208,1.5636144876480103,2.67586612701416,-0.2735057771205902,0.8763481974601746,0.05243959650397301,-0.27566415071487427,-0.2286088466644287,-0.27824732661247253,-0.2535783350467682,-0.19218683242797852,0.9091715812683105,3.306105852127075,-0.27554720640182495,-0.14359141886234283,-0.21166285872459412,0.05879935994744301,-0.10481709241867065,-0.2541692554950714,-0.26056259870529175,-0.21732859313488007,-0.2784642279148102,-0.24333520233631134,-0.273173063993454,0.16078361868858337,0.6386434435844421,-0.25950294733047485,-0.24630723893642426,0.737450361251831,0.06707427650690079,-0.23273517191410065,-0.18746276199817657,0.2130235880613327,-0.10398140549659729,0.31239521503448486,-0.14935244619846344,-0.20601287484169006,-0.08048668503761292,-0.22491835057735443,-0.04859061911702156,-0.27745765447616577,-0.12027052789926529,-0.22833606600761414,-0.20198632776737213,-0.266703724861145,0.09115361422300339,-0.18536362051963806,0.3407863974571228,-0.26124945282936096,0.8487570285797119,-0.2706645429134369,-0.10833624005317688,-0.07285907864570618,-0.24829010665416718,-0.26700693368911743,-0.034328244626522064,-0.1823473572731018,-0.2687545418739319,-0.15383565425872803,0.07606129348278046,-0.23890423774719238,0.01937955804169178,0.6015715599060059,-0.1441490352153778,-0.21148234605789185,0.3308270275592804,-0.2027026116847992,-0.257185161113739,-0.20396637916564941,-0.09327089041471481,-0.19167834520339966,-0.2747712731361389,0.09141237288713455,0.3307308256626129,-0.10537510365247726,0.07644016295671463,-0.27552565932273865,0.05251295119524002,-0.27316540479660034,-0.20742298662662506,-0.18730920553207397,-0.05950797349214554
18,482,886,505,906,0.14576967060565948,-0.20260649919509888,-0.23875688016414642,1.3708289861679077,-0.023394251242280006,-0.27325597405433655,-0.12413015216588974,-0.2697906196117401,-0.2459069937467575,-0.1504208892583847,1.5221831798553467,-0.2722403109073639,-0.09949316829442978,4.612277507781982,-0.18629010021686554,-0.2689077854156494,-0.02072986401617527,-0.1324252039194107,-0.20597954094409943,-0.22381530702114105,-0.276241272687912,1.4969847202301025,-0.2006746381521225,-0.2177194505929947,-0.25897935032844543,-0.276040643453598,-0.2752707898616791,0.03159373626112938,0.6361780762672424,-0.2770789563655853,-0.1238073855638504,-0.21442320942878723,-0.24150538444519043,0.5705299973487854,-0.24928320944309235,-0.19798213243484497,0.3066282272338867,-0.10327569395303726,-0.11394308507442474,-0.27739959955215454,-0.2632729709148407,0.46632474660873413,-0.05674447864294052,0.6326526999473572,-0.1697775423526764,-0.2586120367050171,-0.13250309228897095,0.626907467842102,1.5856842994689941,-0.2584870457649231,0.03731776773929596,0.29607102274894714,-0.204192653298378,-0.27836427092552185,-0.27183476090431213,0.756459653377533,-0.2378232181072235,1.6148587465286255,1.7817572355270386,-0.25413763523101807,-0.1648993045091629,-0.07977300882339478,-0.12001874297857285,0.5359032154083252,2.9893155097961426,-0.2058066725730896,-0.1395360231399536,1.0738179683685303,-0.1968427449464798,-0.09384371340274811,1.2131682634353638,0.5151405930519104,-0.2726610600948334,-0.2561688721179962,0.19284065067768097,0.6021357178688049,0.01924212835729122,-0.2378554493188858,0.6123384237289429,-0.015531916171312332,-0.17754696309566498,-0.24346883594989777,-0.15383759140968323,0.04709760472178459,-0.273851215839386,-0.045091819018125534,-0.19250454008579254,-0.23325663805007935,-0.2549583911895752,-0.166550874710083,-0.2772490978240967,-0.17204473912715912,-0.19549155235290527,0.014072427526116371,-0.18706636130809784,0.9563828110694885,-0.25973236560821533,-0.05846041440963745,-0.071095772087574,-0.24459189176559448,-0.20925317704677582,-0.11521008610725403,-0.057201653718948364,-0.27681395411491394,-0.1600293666124344,1.0023472309112549,-0.21958765387535095,-0.2487264722585678,-0.2757779061794281,0.12627698481082916,-0.1405205875635147,0.056110817939043045,-0.2416987121105194,-0.27789291739463806,-0.2584570646286011,-0.17615438997745514,-0.22271403670310974,-0.24587436020374298,0.15687772631645203,0.44191983342170715,-0.10465123504400253,-0.190090149641037,-0.12296658754348755,-0.2137916535139084,-0.15621532499790192,-0.23105502128601074,0.862366259098053,-0.11180560290813446
19,119,405,141,424,0.12876759469509125,-0.2784596085548401,-0.25097355246543884,1.1894344091415405,-0.06143031641840935,-0.2485857754945755,0.012495147995650768,-0.2534361481666565,-0.2655850350856781,-0.10699637979269028,2.1349995136260986,-0.27203455567359924,-0.23476801812648773,1.639867901802063,-0.11363962292671204,-0.2533591687679291,-0.19507130980491638,-0.007363040000200272,-0.1642065942287445,-0.2746938169002533,0.08932483196258545,-0.10683053731918335,-0.19061195850372314,-0.2645212411880493,-0.15696391463279724,-0.2620806097984314,-0.19681954383850098,-0.16577710211277008,1.1475837230682373,-0.27019599080085754,-0.1040673553943634,-0.2405954897403717,-0.23436258733272552,1.3970059156417847,-0.10197872668504715,-0.27521371841430664,-0.06928233057260513,-0.08511974662542343,-0.22888541221618652,-0.271608829498291,-0.0475463829934597,0.19540782272815704,-0.03321920707821846,0.7848658561706543,-0.22297552227973938,-0.27712446451187134,-0.2697685658931732,0.8716493844985962,2.2872157096862793,0.5793054103851318,0.20877940952777863,-0.2754918038845062,0.05918407812714577,-0.19492393732070923,-0.2601830065250397,-0.0044855996966362,-0.2614818215370178,2.1469647884368896,1.0710065364837646,-0.26513755321502686,0.9569453001022339,1.3069500923156738,0.5822654962539673,5.454522609710693,0.9953339695930481,-0.22674885392189026,-0.22557084262371063,1.492577075958252,-0.26153579354286194,1.7641128301620483,0.8084200024604797,-0.2495442032814026,-0.16237547993659973,1.1152875423431396,-0.1685996949672699,-0.22962293028831482,-0.25916045904159546,-0.2289702445268631,0.08428548276424408,-0.04236043617129326,-0.19468054175376892,-0.25022825598716736,-0.0061857979744672775,-0.14493897557258606,-0.1808241605758667,-0.07542058080434799,-0.21965518593788147,-0.10566677153110504,-0.2780654728412628,-0.27655285596847534,-0.2766341269016266,0.034342940896749496,-0.19124029576778412,-0.24202607572078705,-0.21912972629070282,0.9024306535720825,-0.26853156089782715,-0.2755683660507202,-0.09210985898971558,-0.2769317328929901,-0.18757471442222595,-0.18500232696533203,-0.1324266493320465,-0.005299081560224295,-0.06754191964864731,1.1815544366836548,-0.2727562189102173,-0.2642156183719635,-0.0085891829803586,1.0505726337432861,-0.26138433814048767,-0.21107663214206696,0.3202342092990875,-0.27526548504829407,-0.23543767631053925,0.2972281277179718,2.557948589324951,0.3551711440086365,0.04230205714702606,0.3829837143421173,-0.23485442996025085,-0.07720586657524109,-0.2711479663848877,0.90450519323349,-0.10302967578172684,-0.05903004854917526,0.9030564427375793,-0.2562078833580017
20,560,936,583,956,1.025557041168213,-0.20097674429416656,-0.170299232006073,1.1827645301818848,-0.1635778546333313,-0.25657179951667786,0.11328443139791489,-0.2632311284542084,-0.2780764698982239,-0.21917924284934998,1.0216535329818726,-0.2141205221414566,-0.26218879222869873,2.0911130905151367,0.14652054011821747,-0.25978803634643555,-0.1184472143650055,-0.16606639325618744,-0.24751530587673187,-0.2340545952320099,0.02099844254553318,0.32406091690063477,-0.2698945701122284,-0.2737032473087311,-0.1758439838886261,-0.18794569373130798,-0.2724045515060425,-0.15178769826889038,1.8825790882110596,0.13980765640735626,-0.23665501177310944,-0.2703093886375427,-0.27134591341018677,0.6778917908668518,-0.12585805356502533,-0.27655428647994995,-0.05665992572903633,-0.27820754051208496,-0.2603853940963745,-0.2023189216852188,-0.10965943336486816,0.07285593450069427,-0.246721088886261,1.2073477506637573,-0.19970078766345978,-0.2584078013896942,-0.2444024384021759,0.32201623916625977,0.7927444577217102,0.08887515962123871,0.3428409695625305,-0.04350241273641586,0.5757741332054138,-0.26602116227149963,-0.23516112565994263,0.9892780780792236,-0.2693420350551605,1.3746141195297241,1.0692739486694336,-0.23974937200546265,-0.14783746004104614,0.5944964289665222,0.03821836784482002,2.3825695514678955,2.240274667739868,-0.0806683823466301,-0.26201364398002625,1.5744961500167847,-0.23093102872371674,0.5632464289665222,1.3669010400772095,0.07215911149978638,-0.13137304782867432,-0.1187407597899437,0.05850254371762276,0.2890602946281433,0.46050676703453064,-0.1948743462562561,0.4331132173538208,-0.05695445090532303,-0.2668745815753937,-0.2067791372537613,-0.19539150595664978,0.10535913705825806,-0.0216948501765728,-0.15642352402210236,-0.27742999792099,-0.2295794039964676,-0.24510206282138824,-0.27001580595970154,-0.2667449414730072,-0.036077726632356644,-0.2514806091785431,-0.2559666633605957,-0.2781246304512024,0.43275007605552673,-0.2702389657497406,-0.24033915996551514,-0.24101492762565613,-0.17101046442985535,-0.06803667545318604,-0.2773163616657257,-0.12875081598758698,0.13420218229293823,-0.26185521483421326,1.071524977684021,-0.16411995887756348,-0.27257147431373596,-0.22927677631378174,0.410300612449646,-0.27843809127807617,-0.1688346117734909,0.03501399978995323,-0.18772178888320923,-0.21139408648014069,-0.06065516918897629,0.5928494334220886,-0.09845314174890518,-0.16220273077487946,0.806011438369751,-0.17636840045452118,-0.037745799869298935,-0.22739821672439575,0.30314648151397705,-0.0341329351067543,-0.06498446315526962,2.0615315437316895,-0.17120261490345
21,330,889,346,903,1.0137263536453247,-0.1602453738451004,-0.1170901209115982,1.1039849519729614,-0.2622668147087097,-0.2773996591567993,0.9545871615409851,-0.09423890709877014,-0.1173829585313797,-0.243880033493042,0.5423608422279358,-0.2748645544052124,-0.10954467207193375,0.8514665365219116,0.19190670549869537,-0.20960848033428192,-0.2620801329612732,-0.20280209183692932,-0.22356021404266357,-0.03866128996014595,0.4082287847995758,-0.018015893176198006,0.1370558738708496,-0.18150989711284637,-0.14370518922805786,-0.11819332093000412,-0.23470766842365265,-0.16374258697032928,1.4112063646316528,0.2504052221775055,-0.27785825729370117,-0.27836406230926514,-0.24059051275253296,0.7268046140670776,-0.1215108186006546,-0.15202394127845764,-0.184483140707016,-0.12522432208061218,-0.2667803466320038,-0.15790338814258575,-0.11838697642087936,-0.0582670122385025,-0.04532507807016373,0.5741485357284546,0.2822750508785248,-0.2563900053501129,-0.17551741003990173,0.37527382373809814,0.709550142288208,0.44030579924583435,0.7443247437477112,-0.22849921882152557,0.4274955689907074,-0.2700810134410858,-0.2672423720359802,0.7028570175170898,-0.27846214175224304,0.5863848328590393,0.9005709290504456,-0.18155954778194427,0.2506275475025177,1.0254127979278564,-0.12245241552591324,1.503881573677063,0.8855642080307007,-0.051264937967061996,-0.20967519283294678,0.35196396708488464,-0.11940913647413254,1.0380561351776123,0.8864993453025818,0.18660393357276917,-0.09614074230194092,0.4138419032096863,-0.09849594533443451,0.11594078689813614,0.46420615911483765,0.05776209756731987,0.23073913156986237,-0.20177124440670013,-0.24628502130508423,-0.04124250262975693,-0.2606387436389923,0.2693999707698822,0.08731810003519058,-0.2784436047077179,-0.1690537929534912,-0.22696027159690857,-0.08401619642972946,-0.27741944789886475,-0.03575514256954193,-0.0021715261973440647,0.17538665235042572,-0.277485728263855,-0.17140917479991913,0.0006097543518990278,-0.2753029465675354,-0.20715726912021637,-0.24126626551151276,-0.04628559574484825,-0.10823173075914383,-0.18463405966758728,-0.09164848178625107,0.11732177436351776,-0.27780577540397644,0.6523516774177551,-0.040641289204359055,-0.17223115265369415,-0.21472445130348206,0.2737041711807251,-0.14898009598255157,-0.1226753443479538,0.08132780343294144,-0.2400105744600296,0.2298838496208191,-0.044460006058216095,1.6597576141357422,-0.12064958363771439,-0.18990902602672577,0.22296038269996643,-0.20622901618480682,0.08938294649124146,-0.26949286460876465,0.7946852445602417,-0.0957341343164444,0.4377797842025757,0.5196930170059204,-0.20962822437286377
22,563,946,584,964,-0.06685993075370789,-0.2319205105304718,-0.07387595623731613,1.6135321855545044,-0.05508781224489212,-0.2619418799877167,-0.2694031298160553,-0.24451449513435364,0.10823564976453781,-0.2784620523452759,-0.12219232320785522,-0.11958348006010056,-0.2138395458459854,-0.1792912483215332,1.9471454620361328,-0.24303698539733887,-0.07528083771467209,-0.137935072183609,-0.08902334421873093,-0.2755225896835327,0.38103073835372925,3.843287706375122,-0.26664403080940247,2.464176893234253,-0.2516072690486908,-0.267115980386734,-0.195953831076622,0.11618872731924057,-0.15757118165493011,-0.2614222466945648,-0.2450723499059677,1.6814275979995728,-0.2779894769191742,0.1010500118136406,-0.17656995356082916,0.815049409866333,0.8422748446464539,-0.03487260639667511,0.2748754918575287,-0.17998561263084412,0.2705843150615692,1.115416407585144,-0.16034412384033203,-0.15001848340034485,-0.2546662390232086,0.18808308243751526,-0.2634735703468323,1.0020999908447266,-0.2615983486175537,-0.23614303767681122,-0.0823686495423317,1.4676017761230469,-0.222042977809906,-0.21881484985351562,0.3134278655052185,-0.25774866342544556,-0.22176593542099,0.7016757130622864,-0.27822768688201904,-0.2728896737098694,-0.24117319285869598,-0.24041801691055298,-0.26099926233291626,-0.0030625693034380674,-0.20596015453338623,-0.2451557070016861,-0.2586941719055176,-0.180710569024086,2.748201608657837,-0.19646316766738892,1.9020733833312988,0.40986666083335876,-0.2779996395111084,-0.26322126388549805,-0.27659618854522705,-0.02863943576812744,2.9171297550201416,-0.07041606307029724,1.598467230796814,-0.1458374708890915,-0.2760750353336334,-0.27605119347572327,-0.20075011253356934,-0.25744739174842834,3.900719404220581,-0.0354326106607914,-0.15273961424827576,-0.12514778971672058,-0.270691841840744,-0.2562245726585388,-0.13364699482917786,1.2089571952819824,0.4907882511615753,0.8403552770614624,-0.275020956993103,1.544071912765503,0.37191182374954224,-0.15347641706466675,-0.1239016056060791,-0.24089135229587555,1.5773792266845703,-0.1106969490647316,-0.16593331098556519,-0.267914742231369,-0.22461220622062683,-0.27165573835372925,-0.27823299169540405,-0.2601146399974823,-0.17181162536144257,-0.14326412975788116,4.9107866287231445,1.3033246994018555,-0.17650698125362396,-0.26523345708847046,-0.2783356308937073,0.26123109459877014,-0.1380886435508728,-0.20348237454891205,0.2282761037349701,-0.03880130499601364,0.29686862230300903,0.9666690230369568,-0.273974746465683,0.3118213713169098,0.42190152406692505,-0.2282194346189499,-0.15491411089897156,0.5692577362060547
